{
    "ActionSound": "",
    "AutoUnlock": true,
    "Cards": [
        "{\n    \"UnitsInDeck\": 3,\n    \"Card\": \"guard\"\n}",
        "{\n    \"UnitsInDeck\": 3,\n    \"Card\": \"intercept\"\n}",
        "{\n    \"UnitsInDeck\": 3,\n    \"Card\": \"coatofarms\"\n}",
        "{\n    \"UnitsInDeck\": 2,\n    \"Card\": \"helpinghand\"\n}",
        "{\n    \"UnitsInDeck\": 2,\n    \"Card\": \"stockade\"\n}",
        "{\n    \"UnitsInDeck\": 1,\n    \"Card\": \"entrench\"\n}",
        "{\n    \"UnitsInDeck\": 1,\n    \"Card\": \"castlespike-a-polt\"\n}"
    ],
    "ChallengePack0": "defender",
    "ChallengePack1": "guardian",
    "ChallengePack2": "commander",
    "ChallengePack3": "warlord",
    "ChallengePack4": "destroyer",
    "ChallengePack5": "marauder",
    "ChallengePack6": "avenger",
    "CharacterDescription": "With their beloved princess stolen, the city of Senenthia was heartbroken. Not the people of the city, but the city itself. So the royal castle decided to just get up and solve the issue itself.",
    "CharacterDescriptionStrength": "Its a goddam castle, what do you expect it to do?",
    "CharacterName": "Senenthia",
    "Energy": 1,
    "EnergyTurn": 3,
    "Female": false,
    "FluffOffsetX": 0,
    "FluffOffsetY": 3.40000009536743,
    "HeroClass": "warrior",
    "HeroClassSecondary": "none",
    "HitSound": "",
    "HP": 145,
    "ID": "castle",
    "Item": "castleunyieldingwall",
    "MaxHP": [
        0,
        10,
        10,
        10,
        10
    ],
    "OrderInList": 5,
    "ResistSlashing": 30,
    "ResistBlunt": 10,
    "ResistPiercing": 30,
    "ResistFire": 15,
    "ResistCold": 10,
    "ResistLightning": 30,
    "ResistHoly": 0,
    "ResistShadow": 0,
    "ResistMind": 20,
    "Speed": 0,
    "SpriteBorderLocked": "senenthiaSilueta",
    "StickerBase": "",
    "StickerAngry": "",
    "StickerIndifferent": "",
    "StickerLove": "",
    "StickerSurprise": "",
    "StickerOffsetX": 0.100000001490116,
    "SubclassName": "Castle",
    "Trait0": "castletrait0",
    "Trait1A": "castletrait1a",
    "Trait1B": "castletrait1b",
    "Trait2A": "castletrait2a",
    "Trait2B": "castletrait2b",
    "Trait3A": "castletrait3a",
    "Trait3B": "castletrait3b",
    "Trait4A": "castletrait4a",
    "Trait4B": "castletrait4b",
    "CardsSingularity": [
        "castlespike-a-polt",
        "guard",
        "intercept",
        "coatofarms",
        "helpinghand",
        "stockade",
        "entrench",
        "defend",
        "repairarmor",
        "barricade",
        "spikedshield",
        "shieldcharge",
        "sharingiscaring",
        "intimidate",
        "battleplan"
    ]
}